<?xml version="1.0" encoding="UTF-8"?>
<project-private xmlns="http://www.netbeans.org/ns/project-private/1">
    <editor-bookmarks xmlns="http://www.netbeans.org/ns/editor-bookmarks/2" lastBookmarkId="0"/>
    <open-files xmlns="http://www.netbeans.org/ns/projectui-open-files/2">
        <group>
            <file>file:/C:/Users/Usuario/Documents/NetBeansProjects/BarberShop2/src/conexion/Conexion.java</file>
            <file>file:/C:/Users/Usuario/Documents/NetBeansProjects/BarberShop2/src/presentacion/Principal.java</file>
            <file>file:/C:/Users/Usuario/Documents/NetBeansProjects/BarberShop2/src/presentacion/RegUsuarios.java</file>
            <file>file:/C:/Users/Usuario/Documents/NetBeansProjects/BarberShop2/src/presentacion/Login.java</file>
            <file>file:/C:/Users/Usuario/Documents/NetBeansProjects/BarberShop2/src/Datos/Main.java</file>
        </group>
    </open-files>
</project-private>
